number,eric_id,title,authors,year,source,publication_type,peer_reviewed,abstract,descriptors,url
1,ED640258,"Development of Fluency, Complexity, and Accuracy in Second Language Oral Proficiency: A Longitudinal Study of Two International Teaching Assistants in the U.S.",N/A,N/A,N/A,N/A,No,"Development of Fluency, Complexity, and Accuracy in Second Language Oral Proficiency: A Longitudinal Study of Two International Teaching Assistants in the U.S.",N/A,https://eric.ed.gov/?id=ED640258
2,EJ1471579,Exploring the Grammatical Complexity of International Teaching Assistants: A Comparative Corpus Study,N/A,N/A,N/A,N/A,No,Exploring the Grammatical Complexity of International Teaching Assistants: A Comparative Corpus Study,N/A,https://eric.ed.gov/?id=EJ1471579
3,EJ1388300,"Fluency, Comprehensibility, and Accentedness in L2 Speech: Examining the Role of Visual and Acoustic Information in Listener Judgments",N/A,N/A,N/A,N/A,No,"Fluency, Comprehensibility, and Accentedness in L2 Speech: Examining the Role of Visual and Acoustic Information in Listener Judgments",N/A,https://eric.ed.gov/?id=EJ1388300
4,EJ1335281,What the Analytic versus Holistic Scoring of International Teaching Assistants Can Reveal: Lexical Grammar Matters,N/A,N/A,N/A,N/A,No,What the Analytic versus Holistic Scoring of International Teaching Assistants Can Reveal: Lexical Grammar Matters,N/A,https://eric.ed.gov/?id=EJ1335281
5,EJ1391577,Materializing Assessment: Spatial Repertoires and Dialectic Proficiency in Oral English Proficiency Examinations for International Teaching Assistants in the US,N/A,N/A,N/A,N/A,No,Materializing Assessment: Spatial Repertoires and Dialectic Proficiency in Oral English Proficiency Examinations for International Teaching Assistants in the US,N/A,https://eric.ed.gov/?id=EJ1391577
6,EJ1423383,"One Course, Two Approaches: Unpacking International Teaching Assistant Educators' Diverging Ideologies",N/A,N/A,N/A,N/A,No,"One Course, Two Approaches: Unpacking International Teaching Assistant Educators' Diverging Ideologies",N/A,https://eric.ed.gov/?id=EJ1423383
7,EJ1123983,Empirical Profiles of Academic Oral English Proficiency from an International Teaching Assistant Screening Test,N/A,N/A,N/A,N/A,No,Empirical Profiles of Academic Oral English Proficiency from an International Teaching Assistant Screening Test,N/A,https://eric.ed.gov/?id=EJ1123983
8,EJ1324699,An Intersectional Analysis of the English-Competency Experiences of International Teaching Assistants,N/A,N/A,N/A,N/A,No,An Intersectional Analysis of the English-Competency Experiences of International Teaching Assistants,N/A,https://eric.ed.gov/?id=EJ1324699
9,EJ1210635,Factor Analysis for Fairness: Examining the Impact of Task Type and Examinee L1 Background on Scores of an ITA Speaking Test,N/A,N/A,N/A,N/A,No,Factor Analysis for Fairness: Examining the Impact of Task Type and Examinee L1 Background on Scores of an ITA Speaking Test,N/A,https://eric.ed.gov/?id=EJ1210635
10,EJ1354124,Evaluation of Language and Teaching Skill Domains for International Teaching Assistants: An Approach Based on Invariant Measurement,N/A,N/A,N/A,N/A,No,Evaluation of Language and Teaching Skill Domains for International Teaching Assistants: An Approach Based on Invariant Measurement,N/A,https://eric.ed.gov/?id=EJ1354124
11,EJ1335275,Investigating and Optimizing Score Dependability of a Local ITA Speaking Test across Language Groups: A Generalizability Theory Approach,N/A,N/A,N/A,N/A,No,Investigating and Optimizing Score Dependability of a Local ITA Speaking Test across Language Groups: A Generalizability Theory Approach,N/A,https://eric.ed.gov/?id=EJ1335275
12,EJ1295227,Navigating the Contact Zone: Postcolonial Graduate Teaching Assistants' Experiences in a UK Higher Education Institution,N/A,N/A,N/A,N/A,No,Navigating the Contact Zone: Postcolonial Graduate Teaching Assistants' Experiences in a UK Higher Education Institution,N/A,https://eric.ed.gov/?id=EJ1295227
13,ED598228,A Transdisciplinary Approach to International Teaching Assistants: Perspectives from Applied Linguistics,N/A,N/A,N/A,N/A,No,A Transdisciplinary Approach to International Teaching Assistants: Perspectives from Applied Linguistics,N/A,https://eric.ed.gov/?id=ED598228
14,ED647934,Investigating Test Delivery Modes within Video-Conferenced English Speaking Proficiency Assessment,N/A,N/A,N/A,N/A,No,N/A,N/A,https://eric.ed.gov/?id=ED647934
15,EJ1124764,"A Study of the Use of the ""TOEFL iBT""® Test Speaking and Listening Scores for International Teaching Assistant Screening. ""TOEFL iBT""® Research Report. TOEFL iBT-27. ETS Research Report. RR-16-18",N/A,N/A,N/A,N/A,No,"A Study of the Use of the ""TOEFL iBT""® Test Speaking and Listening Scores for International Teaching Assistant Screening. ""TOEFL iBT""® Research Report. TOEFL iBT-27. ETS Research Report. RR-16-18",N/A,https://eric.ed.gov/?id=EJ1124764
16,EJ1174202,Integrating Pronunciation into the English Language Curriculum: A Framework for Teachers,N/A,N/A,N/A,N/A,No,N/A,N/A,https://eric.ed.gov/?id=EJ1174202
17,EJ1095045,International Teaching Assistants at Universities: A Research Agenda,N/A,N/A,N/A,N/A,No,N/A,N/A,https://eric.ed.gov/?id=EJ1095045
18,EJ1286037,Temple University's ITA Placement Test in Times of COVID-19,N/A,N/A,N/A,N/A,No,N/A,N/A,https://eric.ed.gov/?id=EJ1286037
19,EJ1483141,Bridging the Gap: A Technology-Assisted Communicative Approach to Developing English and Workplace Competencies in Aeronautical Engineering Students,N/A,N/A,N/A,N/A,No,Bridging the Gap: A Technology-Assisted Communicative Approach to Developing English and Workplace Competencies in Aeronautical Engineering Students,N/A,https://eric.ed.gov/?id=EJ1483141
20,EJ976520,Impact of Rater Characteristics and Prosodic Features of Speaker Accentedness on Ratings of International Teaching Assistants' Oral Performance,N/A,N/A,N/A,N/A,No,Impact of Rater Characteristics and Prosodic Features of Speaker Accentedness on Ratings of International Teaching Assistants' Oral Performance,N/A,https://eric.ed.gov/?id=EJ976520
21,ED553723,Statistical Profiling of Academic Oral English Proficiency Based on an ITA Screening Test,N/A,N/A,N/A,N/A,No,N/A,N/A,https://eric.ed.gov/?id=ED553723
22,EJ1133226,Comparing Student Perceptions of the Classroom Climate Created by U.S. American and International Teaching Assistants,N/A,N/A,Comparing Student Perceptions of the Classroom Climate Created by U.S. American and International Teaching Assistants,N/A,No,Comparing Student Perceptions of the Classroom Climate Created by U.S. American and International Teaching Assistants,N/A,https://eric.ed.gov/?id=EJ1133226
23,ED652694,Modeling Statistics ITAs' Speaking Performances in a Certification Test,N/A,N/A,N/A,N/A,No,N/A,N/A,https://eric.ed.gov/?id=ED652694
24,EJ848192,THE ITA PROBLEM: A Ready-to-Use Simulation,N/A,N/A,N/A,N/A,No,N/A,N/A,https://eric.ed.gov/?id=EJ848192
25,EJ1028677,An Investigation into the Validity of the TOEFL iBT Speaking Test for International Teaching Assistant Certification,N/A,N/A,N/A,N/A,No,An Investigation into the Validity of the TOEFL iBT Speaking Test for International Teaching Assistant Certification,N/A,https://eric.ed.gov/?id=EJ1028677
26,EJ1151388,The Impact of a Computer-Mediated Shadowing Activity on ESL Speaking Skill Development: A Pilot Study,N/A,N/A,N/A,N/A,No,The Impact of a Computer-Mediated Shadowing Activity on ESL Speaking Skill Development: A Pilot Study,N/A,https://eric.ed.gov/?id=EJ1151388
27,ED529548,"Rater Effects in ITA Testing: ESL Teachers' versus American Undergraduates' Judgments of Accentedness, Comprehensibility, and Oral Proficiency",N/A,N/A,"Rater Effects in ITA Testing: ESL Teachers' versus American Undergraduates' Judgments of Accentedness, Comprehensibility, and Oral Proficiency",N/A,No,"Rater Effects in ITA Testing: ESL Teachers' versus American Undergraduates' Judgments of Accentedness, Comprehensibility, and Oral Proficiency",N/A,https://eric.ed.gov/?id=ED529548
28,ED243894,The Test of Spoken English as a Measure of Communicative Ability in the Health Professions: Validation and Standard Setting.,N/A,N/A,N/A,N/A,No,The Test of Spoken English as a Measure of Communicative Ability in the Health Professions: Validation and Standard Setting.,N/A,https://eric.ed.gov/?id=ED243894
29,ED516471,Establishing the Validity of the Task-Based English Speaking Test (TBEST) for International Teaching Assistants,N/A,N/A,N/A,N/A,No,Establishing the Validity of the Task-Based English Speaking Test (TBEST) for International Teaching Assistants,N/A,https://eric.ed.gov/?id=ED516471
30,ED223111,Assessing the Oral Proficiency of Prospective Foreign Teaching Assistants: Instruments Development.,N/A,N/A,N/A,N/A,No,N/A,N/A,https://eric.ed.gov/?id=ED223111
31,EJ1082849,What Can We Tell from These Temporal Measures?--Temporal Measures as Indices of Oral Proficiency,N/A,N/A,N/A,N/A,No,N/A,N/A,https://eric.ed.gov/?id=EJ1082849
32,EJ462785,"Oral English Language Proficiency of ITAs: Policy, Implementation, and Contributing Factors.",N/A,N/A,N/A,N/A,No,N/A,N/A,https://eric.ed.gov/?id=EJ462785
33,ED428575,"Talking and Testing: Discourse Approaches to the Assessment of Oral Proficiency. Studies in Bilingualism, Volume 14.",N/A,N/A,N/A,N/A,No,"Talking and Testing: Discourse Approaches to the Assessment of Oral Proficiency. Studies in Bilingualism, Volume 14.",N/A,https://eric.ed.gov/?id=ED428575
34,ED218960,"The Test of Spoken English as a Measure of Communicative Ability in English-Medium Instructional Settings. TOEFL Research Reports, 7.",N/A,N/A,N/A,N/A,No,"The Test of Spoken English as a Measure of Communicative Ability in English-Medium Instructional Settings. TOEFL Research Reports, 7.",N/A,https://eric.ed.gov/?id=ED218960
35,EJ457693,Oral English Proficiency Policies for Faculty in U.S. Higher Education.,N/A,N/A,N/A,N/A,No,N/A,N/A,https://eric.ed.gov/?id=EJ457693
36,EJ899303,Beyond Language Barriers: Teaching Self-Efficacy among East Asian International Teaching Assistants,N/A,N/A,N/A,N/A,No,N/A,N/A,https://eric.ed.gov/?id=EJ899303
37,ED414836,Technology Enhanced Accent Modification (TEAM) for International Teaching Assistants (ITAs).,N/A,N/A,N/A,N/A,No,N/A,N/A,https://eric.ed.gov/?id=ED414836
38,EJ481633,"""Authenticity"" in Language Testing: Evaluating Spoken Language Tests for International Teaching Assistants.",N/A,N/A,N/A,N/A,No,"""Authenticity"" in Language Testing: Evaluating Spoken Language Tests for International Teaching Assistants.",N/A,https://eric.ed.gov/?id=EJ481633
39,EJ392299,Topic and Variation in ITA Oral Proficiency: SPEAK and Field-Specific Oral Tests.,N/A,N/A,N/A,N/A,No,N/A,N/A,https://eric.ed.gov/?id=EJ392299
40,ED423783,Undergraduates' Assessment of International Teaching Assistants' Communicative Competence.,N/A,N/A,N/A,N/A,No,N/A,N/A,https://eric.ed.gov/?id=ED423783
41,ED249843,Foreign Teaching Assistants in U.S. Universities.,N/A,N/A,N/A,N/A,No,N/A,N/A,https://eric.ed.gov/?id=ED249843
42,EJ427341,International Teaching Assistants Tests and Testing Policies at U.S. Universities.,N/A,N/A,N/A,N/A,No,N/A,N/A,https://eric.ed.gov/?id=EJ427341
43,EJ662915,"Multiple Layers of Meaning in an Oral Proficiency Test: The Complementary Roles of Nonverbal, Paralinguistic, and Verbal Behaviors in Assessment Decisions.",N/A,N/A,N/A,N/A,No,"Multiple Layers of Meaning in an Oral Proficiency Test: The Complementary Roles of Nonverbal, Paralinguistic, and Verbal Behaviors in Assessment Decisions.",N/A,https://eric.ed.gov/?id=EJ662915
44,ED531215,L2 Interactional Competence and Development. Second Language Acquisition,N/A,N/A,N/A,N/A,No,N/A,N/A,https://eric.ed.gov/?id=ED531215
45,ED423773,Canadian Initiatives: International Teaching Assistant Professional Development.,N/A,N/A,N/A,N/A,No,N/A,N/A,https://eric.ed.gov/?id=ED423773
46,ED225373,Improving the Communication Skills of Foreign Teaching Assistants.,N/A,N/A,N/A,N/A,No,N/A,N/A,https://eric.ed.gov/?id=ED225373
47,ED310641,What Really Affects Undergraduates' Evaluations of Nonnative Teaching Assistant's Teaching?,N/A,N/A,N/A,N/A,No,N/A,N/A,https://eric.ed.gov/?id=ED310641
48,ED323792,A Bill of Rights for International Teaching Assistants.,N/A,N/A,N/A,N/A,No,N/A,N/A,https://eric.ed.gov/?id=ED323792
49,EJ752013,Aiming for Positive Washback: A Case Study of International Teaching Assistants,N/A,N/A,N/A,N/A,No,N/A,N/A,https://eric.ed.gov/?id=EJ752013
50,ED317067,Curriculum Renewal in Training Programs for International Teaching Assistants.,N/A,N/A,N/A,N/A,No,N/A,N/A,https://eric.ed.gov/?id=ED317067
51,ED199994,A Language Skills Orientation Program for Foreign Teaching Assistants and Graduate Students.,N/A,N/A,N/A,N/A,No,N/A,N/A,https://eric.ed.gov/?id=ED199994
52,ED223103,The Construct Validation of Tests of Communicative Competence.,N/A,N/A,N/A,N/A,No,N/A,N/A,https://eric.ed.gov/?id=ED223103
53,ED367021,The Oh No! Syndrome: Understanding the Negative Reactions of Undergraduates toward Foreign Teaching Assistants.,N/A,N/A,N/A,N/A,No,The Oh No! Syndrome: Understanding the Negative Reactions of Undergraduates toward Foreign Teaching Assistants.,N/A,https://eric.ed.gov/?id=ED367021
54,ED371654,Current Approaches to International TA Preparation in Higher Education: A Collection of Program Descriptions.,N/A,N/A,N/A,N/A,No,Current Approaches to International TA Preparation in Higher Education: A Collection of Program Descriptions.,N/A,https://eric.ed.gov/?id=ED371654
55,ED351731,The SPEAK Test: International Teaching Assistants' and Instructors' Affective Reactions.,N/A,N/A,N/A,N/A,No,N/A,N/A,https://eric.ed.gov/?id=ED351731
56,EJ489238,Oral English Proficiency Requirements for ITAs in U.S. Colleges and Universities: An Issue in Speech Communication.,N/A,N/A,N/A,N/A,No,Oral English Proficiency Requirements for ITAs in U.S. Colleges and Universities: An Issue in Speech Communication.,N/A,https://eric.ed.gov/?id=EJ489238
57,ED360653,Oral English Proficiency Requirements for ITAs in U.S. Colleges and Universities: An Issue in Speech Communication.,N/A,N/A,N/A,N/A,No,Oral English Proficiency Requirements for ITAs in U.S. Colleges and Universities: An Issue in Speech Communication.,N/A,https://eric.ed.gov/?id=ED360653
58,ED411684,Cultural and Pragmatic Miscues: A Case Study of International Teaching Assistant and Academic Faculty Miscommunication.,N/A,N/A,N/A,N/A,No,Cultural and Pragmatic Miscues: A Case Study of International Teaching Assistant and Academic Faculty Miscommunication.,N/A,https://eric.ed.gov/?id=ED411684
59,EJ491369,Functions and Effects of International Teaching Assistants.,N/A,N/A,N/A,N/A,No,N/A,N/A,https://eric.ed.gov/?id=EJ491369
60,EJ396824,Issues in ITA Training Programs.,N/A,N/A,N/A,N/A,No,N/A,N/A,https://eric.ed.gov/?id=EJ396824
61,EJ448698,Communicative Competence and the Dilemma of International Teaching Assistant Education.,N/A,N/A,N/A,N/A,No,N/A,N/A,https://eric.ed.gov/?id=EJ448698
62,EJ1065017,The Impact of Content and Context on International Teaching Assistants' Willingness to Communicate in the Language Classroom,N/A,N/A,N/A,N/A,No,The Impact of Content and Context on International Teaching Assistants' Willingness to Communicate in the Language Classroom,N/A,https://eric.ed.gov/?id=EJ1065017
63,ED272045,A Survey of Policy Changes: Foreign Students in Public Institutions of Higher Education from 1983 to 1985. IEE Research Report No. 8.,N/A,1983,N/A,N/A,No,A Survey of Policy Changes: Foreign Students in Public Institutions of Higher Education from 1983 to 1985. IEE Research Report No. 8.,N/A,https://eric.ed.gov/?id=ED272045
64,EJ416671,Predicting Success for International Teaching Assistant in a U.S. University.,N/A,N/A,N/A,N/A,No,N/A,N/A,https://eric.ed.gov/?id=EJ416671
65,ED411683,An Investigation of Interactional Authenticity in International Teaching Assistant Interview Testing.,N/A,N/A,N/A,N/A,No,An Investigation of Interactional Authenticity in International Teaching Assistant Interview Testing.,N/A,https://eric.ed.gov/?id=ED411683
66,EJ468896,Enlisting the Help of U.S. Undergraduates in Evaluating International Teaching Assistants.,N/A,N/A,N/A,N/A,No,N/A,N/A,https://eric.ed.gov/?id=EJ468896
67,EJ382851,A University-wide Assessment and Training Program for International Teaching Assistants.,N/A,N/A,N/A,N/A,No,N/A,N/A,https://eric.ed.gov/?id=EJ382851
68,ED358812,Crossing Pedagogical Oceans: International Teaching Assistants in U.S. Undergraduate Education. ERIC Digest.,N/A,N/A,Crossing Pedagogical Oceans: International Teaching Assistants in U.S. Undergraduate Education. ERIC Digest.,N/A,No,Crossing Pedagogical Oceans: International Teaching Assistants in U.S. Undergraduate Education. ERIC Digest.,N/A,https://eric.ed.gov/?id=ED358812
69,EJ392298,Face-to-Face with English Speakers: An Advanced Training Class for International Teaching Assistants.,N/A,N/A,N/A,N/A,No,Face-to-Face with English Speakers: An Advanced Training Class for International Teaching Assistants.,N/A,https://eric.ed.gov/?id=EJ392298
70,EJ799723,Towards Defining a Valid Assessment Criterion of Pronunciation Proficiency in Non-Native English-Speaking Graduate Students,N/A,N/A,N/A,N/A,No,Towards Defining a Valid Assessment Criterion of Pronunciation Proficiency in Non-Native English-Speaking Graduate Students,N/A,https://eric.ed.gov/?id=EJ799723
71,EJ358175,The Foreign TA Problem from an Acquisition-Theoretic Point of View.,N/A,N/A,N/A,N/A,No,N/A,N/A,https://eric.ed.gov/?id=EJ358175
72,ED366187,Content-Based Language Instruction in Second and Foreign Languages.,N/A,N/A,N/A,N/A,No,N/A,N/A,https://eric.ed.gov/?id=ED366187
73,ED274166,"On TESOL '84. A Brave New World for TESOL. Selected Papers from the Annual Convention of the Teachers of English to Speakers of Other Languages (18th, Houston, Texas, March 6-11, 1984).",N/A,1984,N/A,N/A,No,"On TESOL '84. A Brave New World for TESOL. Selected Papers from the Annual Convention of the Teachers of English to Speakers of Other Languages (18th, Houston, Texas, March 6-11, 1984).",N/A,https://eric.ed.gov/?id=ED274166
74,ED521808,The Intelligibility of Chinese-Accented English to International and American Students at a U.S. University,N/A,N/A,The Intelligibility of Chinese-Accented English to International and American Students at a U.S. University,N/A,No,The Intelligibility of Chinese-Accented English to International and American Students at a U.S. University,N/A,https://eric.ed.gov/?id=ED521808
75,ED332502,Evaluating ITA Preparation Programs: Intensive versus Concurrent.,N/A,N/A,N/A,N/A,No,N/A,N/A,https://eric.ed.gov/?id=ED332502
76,ED208643,"On TESOL '80. Building Bridges: Research and Practice in Teaching English as a Second Language. Selected papers from the Annual Convention of Teachers of English to Speakers of Other Languages (14th, San Francisco, California, March 4-9, 1980).",N/A,1980,N/A,N/A,No,"On TESOL '80. Building Bridges: Research and Practice in Teaching English as a Second Language. Selected papers from the Annual Convention of Teachers of English to Speakers of Other Languages (14th, San Francisco, California, March 4-9, 1980).",N/A,https://eric.ed.gov/?id=ED208643
77,EJ443057,The Language of Teaching Mathematics: Implications for Training ITAs.,N/A,N/A,N/A,N/A,No,N/A,N/A,https://eric.ed.gov/?id=EJ443057
78,EJ392296,The Life and Times of ITA Programs.,N/A,N/A,N/A,N/A,No,N/A,N/A,https://eric.ed.gov/?id=EJ392296
79,EJ464135,The Effectiveness of Computer-Assisted Pronunciation Training.,N/A,N/A,N/A,N/A,No,N/A,N/A,https://eric.ed.gov/?id=EJ464135
80,EJ616495,"Something Old, Something New, Something Borrowed, Something ....: Piloting a Computer Mediated Version of the Michigan Listening Comprehension Test.",N/A,N/A,N/A,N/A,No,"Something Old, Something New, Something Borrowed, Something ....: Piloting a Computer Mediated Version of the Michigan Listening Comprehension Test.",N/A,https://eric.ed.gov/?id=EJ616495
81,ED358810,"Crossing Pedagogical Oceans: International Teaching Assistants in U.S. Undergraduate Education. ASHE-ERIC Higher Education Report No. 8, 1992.",N/A,1992,"Crossing Pedagogical Oceans: International Teaching Assistants in U.S. Undergraduate Education. ASHE-ERIC Higher Education Report No. 8, 1992.",N/A,No,"Crossing Pedagogical Oceans: International Teaching Assistants in U.S. Undergraduate Education. ASHE-ERIC Higher Education Report No. 8, 1992.",N/A,https://eric.ed.gov/?id=ED358810
82,ED332635,Preparing the Professoriate of Tomorrow to Teach. Selected Readings in TA Training.,N/A,N/A,N/A,N/A,No,N/A,N/A,https://eric.ed.gov/?id=ED332635
83,EJ876381,Validating TOEFL[R] iBT Speaking and Setting Score Requirements for ITA Screening,N/A,N/A,N/A,N/A,No,N/A,N/A,https://eric.ed.gov/?id=EJ876381
84,ED296593,State-Mandated English Proficiency Requirements for Classroom Instructors.,N/A,N/A,N/A,N/A,No,N/A,N/A,https://eric.ed.gov/?id=ED296593
85,EJ485650,Foreigners in Our Midst: Resources for Internationalizing the Sociology Major.,N/A,N/A,N/A,N/A,No,N/A,N/A,https://eric.ed.gov/?id=EJ485650
86,ED365138,"A New Decade of Language Testing Research: Selected Papers from the Annual Language Testing Research Colloquium (12th, San Francisco, California, March 1990).",N/A,1990,N/A,N/A,No,"A New Decade of Language Testing Research: Selected Papers from the Annual Language Testing Research Colloquium (12th, San Francisco, California, March 1990).",N/A,https://eric.ed.gov/?id=ED365138
